{"accuracy": 0.8250756141610636, "precision": 0.7751439715039901, "recall": 0.8250756141610636, "f1_score": 0.7891840255730551}